{
  "IcoMoonType": "selection",
  "icons": [
    {
      "icon": {
        "paths": [
          "M640 42.667l170.667 170.667-170.667 170.667",
          "M42.667 469.333v-85.333c0-45.264 17.981-88.673 49.987-120.68s75.416-49.987 120.68-49.987h597.333",
          "M213.333 981.333l-170.667-170.667 170.667-170.667",
          "M810.667 554.667v85.333c0 45.265-17.98 88.674-49.988 120.678-32.004 32.009-75.413 49.988-120.678 49.988h-597.333"
        ],
        "attrs": [
          {
            "fill": "none",
            "strokeLinejoin": "round",
            "strokeLinecap": "round",
            "strokeMiterlimit": "4",
            "strokeWidth": 85.33333333333333
          },
          {
            "fill": "none",
            "strokeLinejoin": "round",
            "strokeLinecap": "round",
            "strokeMiterlimit": "4",
            "strokeWidth": 85.33333333333333
          },
          {
            "fill": "none",
            "strokeLinejoin": "round",
            "strokeLinecap": "round",
            "strokeMiterlimit": "4",
            "strokeWidth": 85.33333333333333
          },
          {
            "fill": "none",
            "strokeLinejoin": "round",
            "strokeLinecap": "round",
            "strokeMiterlimit": "4",
            "strokeWidth": 85.33333333333333
          }
        ],
        "width": 853,
        "isMulticolor": false,
        "isMulticolor2": false,
        "grid": 0,
        "tags": [
          "arrows"
        ],
        "colorPermutations": {
          "11952152301199375312121291243243243124424925212552552551281171881313211361241921383498143571441461682241471282371932032361": [
            {
              "s": 0
            },
            {
              "s": 0
            },
            {
              "s": 0
            },
            {
              "s": 0
            }
          ]
        }
      },
      "attrs": [
        {
          "fill": "none",
          "strokeLinejoin": "round",
          "strokeLinecap": "round",
          "strokeMiterlimit": "4",
          "strokeWidth": 85.33333333333333
        },
        {
          "fill": "none",
          "strokeLinejoin": "round",
          "strokeLinecap": "round",
          "strokeMiterlimit": "4",
          "strokeWidth": 85.33333333333333
        },
        {
          "fill": "none",
          "strokeLinejoin": "round",
          "strokeLinecap": "round",
          "strokeMiterlimit": "4",
          "strokeWidth": 85.33333333333333
        },
        {
          "fill": "none",
          "strokeLinejoin": "round",
          "strokeLinecap": "round",
          "strokeMiterlimit": "4",
          "strokeWidth": 85.33333333333333
        }
      ],
      "properties": {
        "order": 21,
        "id": 22,
        "name": "arrows",
        "prevSize": 32
      },
      "setIdx": 0,
      "setId": 2,
      "iconIdx": 0
    },
    {
      "icon": {
        "paths": [
          "M170.667 170.667l682.667 682.667 682.667-682.667"
        ],
        "attrs": [
          {
            "fill": "none",
            "opacity": 0.7,
            "strokeLinejoin": "round",
            "strokeLinecap": "round",
            "strokeMiterlimit": "4",
            "strokeWidth": 170.66666666666666
          }
        ],
        "width": 1707,
        "isMulticolor": false,
        "isMulticolor2": false,
        "grid": 0,
        "tags": [
          "bird"
        ],
        "colorPermutations": {
          "11952152301199375312121291243243243124424925212552552551281171881313211361241921383498143571441461682241471282371932032361": [
            {
              "s": 0
            }
          ]
        }
      },
      "attrs": [
        {
          "fill": "none",
          "opacity": 0.7,
          "strokeLinejoin": "round",
          "strokeLinecap": "round",
          "strokeMiterlimit": "4",
          "strokeWidth": 170.66666666666666
        }
      ],
      "properties": {
        "order": 22,
        "id": 21,
        "name": "bird",
        "prevSize": 32
      },
      "setIdx": 0,
      "setId": 2,
      "iconIdx": 1
    },
    {
      "icon": {
        "paths": [
          "M46.545 46.545h186.182l124.742 623.244c4.256 21.43 15.914 40.681 32.933 54.379s38.314 20.978 60.158 20.559h452.422c21.844 0.419 43.138-6.861 60.16-20.559 17.017-13.698 28.677-32.95 32.931-54.379l74.473-390.516h-791.273",
          "M418.909 977.455c25.706 0 46.545-20.838 46.545-46.545s-20.839-46.545-46.545-46.545c-25.706 0-46.545 20.838-46.545 46.545s20.839 46.545 46.545 46.545z",
          "M930.909 977.455c25.707 0 46.545-20.838 46.545-46.545s-20.838-46.545-46.545-46.545c-25.707 0-46.545 20.838-46.545 46.545s20.838 46.545 46.545 46.545z"
        ],
        "attrs": [
          {
            "fill": "none",
            "strokeLinejoin": "round",
            "strokeLinecap": "round",
            "strokeMiterlimit": "4",
            "strokeWidth": 93.0909090909091
          },
          {
            "fill": "none",
            "strokeLinejoin": "round",
            "strokeLinecap": "round",
            "strokeMiterlimit": "4",
            "strokeWidth": 93.0909090909091
          },
          {
            "fill": "none",
            "strokeLinejoin": "round",
            "strokeLinecap": "round",
            "strokeMiterlimit": "4",
            "strokeWidth": 93.0909090909091
          }
        ],
        "width": 1117,
        "isMulticolor": false,
        "isMulticolor2": false,
        "grid": 0,
        "tags": [
          "cart 2"
        ],
        "colorPermutations": {
          "11952152301199375312121291243243243124424925212552552551281171881313211361241921383498143571441461682241471282371932032361": [
            {
              "s": 0
            },
            {
              "s": 0
            },
            {
              "s": 0
            }
          ]
        }
      },
      "attrs": [
        {
          "fill": "none",
          "strokeLinejoin": "round",
          "strokeLinecap": "round",
          "strokeMiterlimit": "4",
          "strokeWidth": 93.0909090909091
        },
        {
          "fill": "none",
          "strokeLinejoin": "round",
          "strokeLinecap": "round",
          "strokeMiterlimit": "4",
          "strokeWidth": 93.0909090909091
        },
        {
          "fill": "none",
          "strokeLinejoin": "round",
          "strokeLinecap": "round",
          "strokeMiterlimit": "4",
          "strokeWidth": 93.0909090909091
        }
      ],
      "properties": {
        "order": 27,
        "id": 20,
        "name": "cart-2",
        "prevSize": 32
      },
      "setIdx": 0,
      "setId": 2,
      "iconIdx": 2
    },
    {
      "icon": {
        "paths": [
          "M1024 512c0 282.77-229.23 512-512 512s-512-229.23-512-512c0-282.77 229.23-512 512-512s512 229.23 512 512z",
          "M954.182 512c0 244.21-197.972 442.182-442.182 442.182s-442.182-197.972-442.182-442.182c0-244.21 197.972-442.182 442.182-442.182s442.182 197.972 442.182 442.182z",
          "M449.587 704.531c9.346 0 16.926-7.578 16.926-16.926s-7.58-16.926-16.926-16.926c-9.349 0-16.926 7.578-16.926 16.926s7.578 16.926 16.926 16.926z",
          "M635.769 704.531c9.346 0 16.926-7.578 16.926-16.926s-7.58-16.926-16.926-16.926c-9.349 0-16.926 7.578-16.926 16.926s7.578 16.926 16.926 16.926z",
          "M314.182 349.091h67.703l45.361 226.634c1.548 7.792 5.786 14.792 11.976 19.775 6.188 4.98 13.931 7.626 21.874 7.475h164.517c7.943 0.151 15.688-2.495 21.876-7.475 6.188-4.983 10.429-11.983 11.976-19.775l27.080-142.006h-287.735"
        ],
        "attrs": [
          {
            "fill": "rgb(243, 243, 243)"
          },
          {
            "fill": "rgb(255, 255, 255)"
          },
          {
            "fill": "none",
            "stroke": "rgb(0, 0, 0)",
            "strokeLinejoin": "round",
            "strokeLinecap": "round",
            "strokeMiterlimit": "4",
            "strokeWidth": 34.90909090909091
          },
          {
            "fill": "none",
            "stroke": "rgb(0, 0, 0)",
            "strokeLinejoin": "round",
            "strokeLinecap": "round",
            "strokeMiterlimit": "4",
            "strokeWidth": 34.90909090909091
          },
          {
            "fill": "none",
            "stroke": "rgb(0, 0, 0)",
            "strokeLinejoin": "round",
            "strokeLinecap": "round",
            "strokeMiterlimit": "4",
            "strokeWidth": 34.90909090909091
          }
        ],
        "isMulticolor": true,
        "isMulticolor2": true,
        "grid": 0,
        "tags": [
          "cart"
        ],
        "colorPermutations": {
          "11952152301199375312121291243243243124424925212552552551281171881313211361241921383498143571441461682241471282371932032361": [
            {
              "f": 12
            },
            {
              "f": 14
            },
            {
              "s": 0
            },
            {
              "s": 0
            },
            {
              "s": 0
            }
          ]
        }
      },
      "attrs": [
        {
          "fill": "rgb(243, 243, 243)"
        },
        {
          "fill": "rgb(255, 255, 255)"
        },
        {
          "fill": "none",
          "stroke": "rgb(0, 0, 0)",
          "strokeLinejoin": "round",
          "strokeLinecap": "round",
          "strokeMiterlimit": "4",
          "strokeWidth": 34.90909090909091
        },
        {
          "fill": "none",
          "stroke": "rgb(0, 0, 0)",
          "strokeLinejoin": "round",
          "strokeLinecap": "round",
          "strokeMiterlimit": "4",
          "strokeWidth": 34.90909090909091
        },
        {
          "fill": "none",
          "stroke": "rgb(0, 0, 0)",
          "strokeLinejoin": "round",
          "strokeLinecap": "round",
          "strokeMiterlimit": "4",
          "strokeWidth": 34.90909090909091
        }
      ],
      "properties": {
        "order": 29,
        "id": 19,
        "name": "cart",
        "prevSize": 32
      },
      "setIdx": 0,
      "setId": 2,
      "iconIdx": 3
    },
    {
      "icon": {
        "paths": [
          "M317.355 943.602c18.696 0 33.852-15.16 33.852-33.853 0-18.697-15.156-33.853-33.852-33.853s-33.851 15.155-33.851 33.853c0 18.693 15.156 33.853 33.851 33.853z",
          "M689.72 943.602c18.693 0 33.853-15.16 33.853-33.853 0-18.697-15.16-33.853-33.853-33.853-18.697 0-33.853 15.155-33.853 33.853 0 18.693 15.155 33.853 33.853 33.853z",
          "M46.545 232.727h135.405l90.721 453.269c3.096 15.583 11.574 29.584 23.951 39.55 12.377 9.961 27.865 15.253 43.751 14.95h329.033c15.886 0.303 31.376-4.99 43.753-14.95 12.376-9.965 20.857-23.966 23.952-39.55l54.16-284.013h-575.471",
          "M1070.545 372.364c0 154.238-125.035 279.273-279.273 279.273s-279.273-125.035-279.273-279.273c0-154.238 125.035-279.273 279.273-279.273s279.273 125.035 279.273 279.273z",
          "M891.345 428.218c0 24.824-8.69 45.461-26.065 61.905s-41.891 24.669-73.542 24.669c-29.17 0-54.458-5.12-75.869-15.36v-36.771c22.961 12.102 47.942 18.153 74.938 18.153 19.861 0 35.221-5.12 46.080-15.36 11.171-10.24 16.756-23.583 16.756-40.029s-6.205-29.013-18.618-37.702c-12.102-8.999-29.635-13.498-52.596-13.498h-19.549v-32.116h19.549c17.375 0 31.963-4.81 43.753-14.429 12.102-9.93 18.153-23.118 18.153-39.564s-5.12-28.858-15.36-37.236c-10.24-8.378-24.357-12.567-42.356-12.567-21.411 0-41.891 6.361-61.44 19.084v-35.84c17.999-11.481 38.786-17.222 62.371-17.222 30.101 0 53.374 7.758 69.818 23.273 16.756 15.205 25.135 34.133 25.135 56.785 0 16.446-4.189 31.185-12.567 44.218-8.066 13.033-20.168 22.807-36.305 29.324 17.687 4.034 31.651 12.257 41.891 24.669 10.552 12.102 15.825 27.307 15.825 45.615z"
        ],
        "attrs": [
          {
            "fill": "none",
            "stroke": "rgb(3, 13, 21)",
            "strokeLinejoin": "round",
            "strokeLinecap": "round",
            "strokeMiterlimit": "4",
            "strokeWidth": 69.81818181818181
          },
          {
            "fill": "none",
            "stroke": "rgb(3, 13, 21)",
            "strokeLinejoin": "round",
            "strokeLinecap": "round",
            "strokeMiterlimit": "4",
            "strokeWidth": 69.81818181818181
          },
          {
            "fill": "none",
            "stroke": "rgb(3, 13, 21)",
            "strokeLinejoin": "round",
            "strokeLinecap": "round",
            "strokeMiterlimit": "4",
            "strokeWidth": 69.81818181818181
          },
          {
            "fill": "rgb(199, 37, 53)"
          },
          {
            "fill": "rgb(255, 255, 255)"
          }
        ],
        "width": 1071,
        "isMulticolor": true,
        "isMulticolor2": true,
        "grid": 0,
        "tags": [
          "cart3"
        ],
        "colorPermutations": {
          "11952152301199375312121291243243243124424925212552552551281171881313211361241921383498143571441461682241471282371932032361": [
            {
              "s": 1
            },
            {
              "s": 1
            },
            {
              "s": 1
            },
            {
              "f": 7
            },
            {
              "f": 14
            }
          ]
        }
      },
      "attrs": [
        {
          "fill": "none",
          "stroke": "rgb(3, 13, 21)",
          "strokeLinejoin": "round",
          "strokeLinecap": "round",
          "strokeMiterlimit": "4",
          "strokeWidth": 69.81818181818181
        },
        {
          "fill": "none",
          "stroke": "rgb(3, 13, 21)",
          "strokeLinejoin": "round",
          "strokeLinecap": "round",
          "strokeMiterlimit": "4",
          "strokeWidth": 69.81818181818181
        },
        {
          "fill": "none",
          "stroke": "rgb(3, 13, 21)",
          "strokeLinejoin": "round",
          "strokeLinecap": "round",
          "strokeMiterlimit": "4",
          "strokeWidth": 69.81818181818181
        },
        {
          "fill": "rgb(199, 37, 53)"
        },
        {
          "fill": "rgb(255, 255, 255)"
        }
      ],
      "properties": {
        "order": 30,
        "id": 18,
        "name": "cart3",
        "prevSize": 32
      },
      "setIdx": 0,
      "setId": 2,
      "iconIdx": 4
    },
    {
      "icon": {
        "paths": [
          "M1024 512c0 282.77-229.23 512-512 512s-512-229.23-512-512c0-282.77 229.23-512 512-512s512 229.23 512 512z",
          "M870.4 512c0 197.939-160.461 358.4-358.4 358.4s-358.4-160.461-358.4-358.4c0-197.939 160.461-358.4 358.4-358.4s358.4 160.461 358.4 358.4z"
        ],
        "attrs": [
          {
            "fill": "rgb(244, 249, 252)"
          },
          {
            "fill": "rgb(21, 21, 29)"
          }
        ],
        "isMulticolor": true,
        "isMulticolor2": false,
        "grid": 0,
        "tags": [
          "circle_black"
        ],
        "colorPermutations": {
          "11952152301199375312121291243243243124424925212552552551281171881313211361241921383498143571441461682241471282371932032361": [
            {
              "f": 13
            },
            {
              "f": 2
            }
          ]
        }
      },
      "attrs": [
        {
          "fill": "rgb(244, 249, 252)"
        },
        {
          "fill": "rgb(21, 21, 29)"
        }
      ],
      "properties": {
        "order": 33,
        "id": 17,
        "name": "circle_black",
        "prevSize": 32
      },
      "setIdx": 0,
      "setId": 2,
      "iconIdx": 5
    },
    {
      "icon": {
        "paths": [
          "M1024 512c0 282.77-229.23 512-512 512s-512-229.23-512-512c0-282.77 229.23-512 512-512s512 229.23 512 512z"
        ],
        "attrs": [
          {
            "fill": "rgb(47, 128, 237)"
          }
        ],
        "isMulticolor": false,
        "isMulticolor2": false,
        "grid": 0,
        "tags": [
          "circle_blue"
        ],
        "colorPermutations": {
          "11952152301199375312121291243243243124424925212552552551281171881313211361241921383498143571441461682241471282371932032361": [
            {
              "f": 9
            }
          ]
        }
      },
      "attrs": [
        {
          "fill": "rgb(47, 128, 237)"
        }
      ],
      "properties": {
        "order": 34,
        "id": 16,
        "name": "circle_blue",
        "prevSize": 32
      },
      "setIdx": 0,
      "setId": 2,
      "iconIdx": 6
    },
    {
      "icon": {
        "paths": [
          "M1011.2 512c0 275.701-223.499 499.2-499.2 499.2s-499.2-223.499-499.2-499.2c0-275.701 223.499-499.2 499.2-499.2s499.2 223.499 499.2 499.2z",
          "M870.4 512c0 197.939-160.461 358.4-358.4 358.4s-358.4-160.461-358.4-358.4c0-197.939 160.461-358.4 358.4-358.4s358.4 160.461 358.4 358.4z"
        ],
        "attrs": [
          {
            "fill": "rgb(244, 249, 252)",
            "stroke": "rgb(3, 13, 21)",
            "strokeLinejoin": "miter",
            "strokeLinecap": "butt",
            "strokeMiterlimit": "4",
            "strokeWidth": 25.6
          },
          {
            "fill": "rgb(195, 215, 230)"
          }
        ],
        "isMulticolor": true,
        "isMulticolor2": true,
        "grid": 0,
        "tags": [
          "circle_grey"
        ],
        "colorPermutations": {
          "11952152301199375312121291243243243124424925212552552551281171881313211361241921383498143571441461682241471282371932032361": [
            {
              "f": 13,
              "s": 1
            },
            {
              "f": 11
            }
          ]
        }
      },
      "attrs": [
        {
          "fill": "rgb(244, 249, 252)",
          "stroke": "rgb(3, 13, 21)",
          "strokeLinejoin": "miter",
          "strokeLinecap": "butt",
          "strokeMiterlimit": "4",
          "strokeWidth": 25.6
        },
        {
          "fill": "rgb(195, 215, 230)"
        }
      ],
      "properties": {
        "order": 36,
        "id": 15,
        "name": "circle_grey",
        "prevSize": 32
      },
      "setIdx": 0,
      "setId": 2,
      "iconIdx": 7
    },
    {
      "icon": {
        "paths": [
          "M557.176 60.235h-135.529c-59.908 0-117.362 23.798-159.723 66.159s-66.159 99.815-66.159 159.723v135.529h-135.529v180.706h135.529v361.412h180.706v-361.412h135.529l45.176-180.706h-180.706v-135.529c0-11.981 4.76-23.472 13.232-31.945s19.963-13.232 31.945-13.232h135.529v-180.706z"
        ],
        "attrs": [
          {
            "fill": "none",
            "stroke": "rgb(255, 255, 255)",
            "strokeLinejoin": "round",
            "strokeLinecap": "round",
            "strokeMiterlimit": "4",
            "strokeWidth": 60.23529411764706
          }
        ],
        "width": 602,
        "isMulticolor": false,
        "isMulticolor2": false,
        "grid": 0,
        "tags": [
          "facebook"
        ],
        "colorPermutations": {
          "11952152301199375312121291243243243124424925212552552551281171881313211361241921383498143571441461682241471282371932032361": [
            {
              "s": 14
            }
          ]
        }
      },
      "attrs": [
        {
          "fill": "none",
          "stroke": "rgb(255, 255, 255)",
          "strokeLinejoin": "round",
          "strokeLinecap": "round",
          "strokeMiterlimit": "4",
          "strokeWidth": 60.23529411764706
        }
      ],
      "properties": {
        "order": 37,
        "id": 14,
        "name": "facebook",
        "prevSize": 32
      },
      "setIdx": 0,
      "setId": 2,
      "iconIdx": 8
    },
    {
      "icon": {
        "paths": [
          "M989.442 127.358c-24.908-24.917-54.477-44.683-87.025-58.169-32.544-13.486-67.428-20.427-102.658-20.427s-70.115 6.941-102.663 20.427c-32.544 13.486-62.118 33.252-87.020 58.169l-51.688 51.688-51.688-51.688c-50.308-50.308-118.539-78.57-189.684-78.57s-139.377 28.262-189.684 78.57c-50.307 50.307-78.57 118.538-78.57 189.684s28.262 139.376 78.57 189.682l431.056 431.055 431.055-431.055c24.917-24.904 44.681-54.475 58.168-87.021s20.426-67.431 20.426-102.661c0-35.23-6.939-70.115-20.426-102.661s-33.251-62.117-58.168-87.022v0z"
        ],
        "attrs": [
          {
            "fill": "none",
            "strokeLinejoin": "round",
            "strokeLinecap": "round",
            "strokeMiterlimit": "4",
            "strokeWidth": 97.52380952380952
          }
        ],
        "width": 1122,
        "isMulticolor": false,
        "isMulticolor2": false,
        "grid": 0,
        "tags": [
          "heart"
        ],
        "colorPermutations": {
          "11952152301199375312121291243243243124424925212552552551281171881313211361241921383498143571441461682241471282371932032361": [
            {
              "s": 0
            }
          ]
        }
      },
      "attrs": [
        {
          "fill": "none",
          "strokeLinejoin": "round",
          "strokeLinecap": "round",
          "strokeMiterlimit": "4",
          "strokeWidth": 97.52380952380952
        }
      ],
      "properties": {
        "order": 39,
        "id": 13,
        "name": "heart",
        "prevSize": 32
      },
      "setIdx": 0,
      "setId": 2,
      "iconIdx": 9
    },
    {
      "icon": {
        "paths": [
          "M752.941 60.235h-451.765c-124.752 0-225.882 101.131-225.882 225.882v451.765c0 124.753 101.131 225.882 225.882 225.882h451.765c124.753 0 225.882-101.129 225.882-225.882v-451.765c0-124.752-101.129-225.882-225.882-225.882z",
          "M707.765 483.523c5.578 37.598-0.843 75.996-18.354 109.734-17.504 33.738-45.201 61.097-79.155 78.185-33.949 17.089-72.423 23.034-109.95 16.998-37.526-6.042-72.193-23.757-99.070-50.634s-44.594-61.543-50.632-99.069c-6.039-37.527-0.091-76.001 16.998-109.952s44.447-61.65 78.185-79.155c33.738-17.506 72.137-23.928 109.734-18.352 38.352 5.687 73.859 23.558 101.272 50.973s45.285 62.921 50.971 101.272z",
          "M775.529 263.529h0.452"
        ],
        "attrs": [
          {
            "fill": "none",
            "stroke": "rgb(255, 255, 255)",
            "strokeLinejoin": "round",
            "strokeLinecap": "round",
            "strokeMiterlimit": "4",
            "strokeWidth": 60.23529411764706
          },
          {
            "fill": "none",
            "stroke": "rgb(255, 255, 255)",
            "strokeLinejoin": "round",
            "strokeLinecap": "round",
            "strokeMiterlimit": "4",
            "strokeWidth": 60.23529411764706
          },
          {
            "fill": "none",
            "stroke": "rgb(255, 255, 255)",
            "strokeLinejoin": "round",
            "strokeLinecap": "round",
            "strokeMiterlimit": "4",
            "strokeWidth": 60.23529411764706
          }
        ],
        "isMulticolor": false,
        "isMulticolor2": false,
        "grid": 0,
        "tags": [
          "insta"
        ],
        "colorPermutations": {
          "11952152301199375312121291243243243124424925212552552551281171881313211361241921383498143571441461682241471282371932032361": [
            {
              "s": 14
            },
            {
              "s": 14
            },
            {
              "s": 14
            }
          ]
        }
      },
      "attrs": [
        {
          "fill": "none",
          "stroke": "rgb(255, 255, 255)",
          "strokeLinejoin": "round",
          "strokeLinecap": "round",
          "strokeMiterlimit": "4",
          "strokeWidth": 60.23529411764706
        },
        {
          "fill": "none",
          "stroke": "rgb(255, 255, 255)",
          "strokeLinejoin": "round",
          "strokeLinecap": "round",
          "strokeMiterlimit": "4",
          "strokeWidth": 60.23529411764706
        },
        {
          "fill": "none",
          "stroke": "rgb(255, 255, 255)",
          "strokeLinejoin": "round",
          "strokeLinecap": "round",
          "strokeMiterlimit": "4",
          "strokeWidth": 60.23529411764706
        }
      ],
      "properties": {
        "order": 41,
        "id": 12,
        "name": "insta",
        "prevSize": 32
      },
      "setIdx": 0,
      "setId": 2,
      "iconIdx": 10
    },
    {
      "icon": {
        "paths": [
          "M713.018 352c76.378 0 149.632 30.343 203.648 84.353 54.010 54.010 84.352 127.265 84.352 203.647v336h-192v-336c0-25.46-10.118-49.879-28.122-67.882s-42.419-28.118-67.878-28.118c-25.466 0-49.882 10.115-67.885 28.118s-28.117 42.422-28.117 67.882v336h-192v-336c0-76.382 30.343-149.636 84.353-203.647s127.264-84.353 203.649-84.353v0z",
          "M233.016 400h-192v576h192v-576z",
          "M137.016 256c53.020 0 96-42.98 96-96s-42.98-96-96-96c-53.020 0-96 42.98-96 96s42.981 96 96 96z"
        ],
        "attrs": [
          {
            "fill": "none",
            "stroke": "rgb(255, 255, 255)",
            "strokeLinejoin": "round",
            "strokeLinecap": "round",
            "strokeMiterlimit": "4",
            "strokeWidth": 64
          },
          {
            "fill": "none",
            "stroke": "rgb(255, 255, 255)",
            "strokeLinejoin": "round",
            "strokeLinecap": "round",
            "strokeMiterlimit": "4",
            "strokeWidth": 64
          },
          {
            "fill": "none",
            "stroke": "rgb(255, 255, 255)",
            "strokeLinejoin": "round",
            "strokeLinecap": "round",
            "strokeMiterlimit": "4",
            "strokeWidth": 64
          }
        ],
        "width": 1088,
        "isMulticolor": false,
        "isMulticolor2": false,
        "grid": 0,
        "tags": [
          "linkedin"
        ],
        "colorPermutations": {
          "11952152301199375312121291243243243124424925212552552551281171881313211361241921383498143571441461682241471282371932032361": [
            {
              "s": 14
            },
            {
              "s": 14
            },
            {
              "s": 14
            }
          ]
        }
      },
      "attrs": [
        {
          "fill": "none",
          "stroke": "rgb(255, 255, 255)",
          "strokeLinejoin": "round",
          "strokeLinecap": "round",
          "strokeMiterlimit": "4",
          "strokeWidth": 64
        },
        {
          "fill": "none",
          "stroke": "rgb(255, 255, 255)",
          "strokeLinejoin": "round",
          "strokeLinecap": "round",
          "strokeMiterlimit": "4",
          "strokeWidth": 64
        },
        {
          "fill": "none",
          "stroke": "rgb(255, 255, 255)",
          "strokeLinejoin": "round",
          "strokeLinecap": "round",
          "strokeMiterlimit": "4",
          "strokeWidth": 64
        }
      ],
      "properties": {
        "order": 42,
        "id": 11,
        "name": "linkedin",
        "prevSize": 32
      },
      "setIdx": 0,
      "setId": 2,
      "iconIdx": 11
    },
    {
      "icon": {
        "paths": [
          "M1392.003 647.631v62.585h-216.299v-323.948h73.102v261.363h143.197z",
          "M1439.069 386.268h73.102v323.948h-73.102v-323.948z",
          "M1804.076 710.216c-21.030-37.050-43.562-73.599-67.595-110.152-24.534-36.049-50.070-70.095-77.608-102.643v212.294h-72.101v-323.447h59.585c10.513 10.517 21.531 23.032 34.046 38.055 12.516 15.019 25.035 31.042 38.055 48.064 13.016 17.025 26.032 34.551 38.552 53.074 13.016 18.026 25.035 35.552 36.049 52.573v-191.765h72.602v323.948h-61.584z",
          "M2131.528 710.216c-6.508-10.513-14.518-22.027-23.029-34.046-9.015-12.015-18.527-24.534-29.044-37.050-10.513-12.519-21.026-24.534-32.544-35.552-11.014-11.514-22.532-21.527-33.545-30.041v137.189h-73.102v-324.449h73.102v121.67c18.527-19.528 38.051-40.558 57.079-61.588 19.528-21.527 37.050-41.555 53.574-60.082h86.619c-22.031 26.036-44.059 51.572-66.59 75.605s-46.065 48.568-70.599 73.102c26.036 21.531 51.071 47.066 75.105 77.107 24.034 29.541 47.066 62.585 69.598 98.133h-86.623z",
          "M2260.207 710.216v-323.948h218.806v61.083h-145.704v63.59h129.68v60.082h-129.68v78.108h156.718v61.083h-229.82z",
          "M2827.495 547.999c0 28.039-4.506 52.573-13.016 73.599-8.514 21.030-21.030 38.055-37.054 52.072-16.020 13.521-35.548 24.034-58.58 31.046-23.032 7.009-49.069 10.513-77.608 10.513-13.020 0-28.539-0.501-46.065-1.502-17.522-1.001-34.547-3.504-51.572-7.009v-315.938c17.025-3.004 34.551-5.010 52.573-6.512 18.026-1.001 34.050-1.502 47.066-1.502 27.538 0 53.074 3.004 75.605 9.516 22.532 6.007 42.060 16.020 58.080 29.541 16.024 13.517 28.539 30.542 37.554 51.572 8.511 20.029 13.016 45.060 13.016 74.604zM2616.703 650.638c3.504 0.501 7.509 0.504 12.019 0.504 4.506 0 10.012 0 16.020 0 36.553 0 63.59-9.015 81.112-27.542 17.526-18.523 26.537-43.558 26.537-76.102 0-34.050-8.511-59.585-25.035-77.107-17.021-17.526-43.558-26.036-80.111-26.036-5.006 0-10.012 0-15.519 0s-10.517 0.501-15.022 1.001v205.282z",
          "M3117.898 386.268v62.089h-97.637v261.86h-73.102v-261.86h-97.637v-62.089h268.375z",
          "M3164.96 710.216v-323.948h218.806v61.083h-145.704v63.59h129.68v60.082h-129.68v78.108h156.718v61.083h-229.82z",
          "M3596.060 716.728c-52.573 0-92.626-14.522-120.665-44.062-27.542-29.541-41.559-71.1-41.559-124.674 0-27.037 4.005-50.567 12.516-71.597 8.514-21.030 20.029-39.056 34.551-53.074 14.518-14.522 32.044-25.536 52.573-33.049 20.025-7.509 42.056-11.014 66.090-11.014 13.521 0 26.036 1.001 37.554 3.004 11.014 2.002 21.026 4.506 29.541 7.009 8.511 2.503 15.519 5.511 21.026 8.014 5.511 3.004 9.516 5.006 12.019 6.508l-21.030 59.081c-10.012-5.507-21.531-10.012-35.047-13.517-13.020-3.504-28.539-5.511-45.064-5.511-11.014 0-22.031 2.006-33.045 5.511-10.513 3.504-20.029 9.512-28.539 18.022-8.514 8.514-15.022 19.027-20.029 32.047-5.006 13.016-7.509 29.040-7.509 47.563 0 15.022 1.502 29.044 5.006 42.060s8.511 24.034 16.024 33.545c7.509 9.516 17.021 16.524 28.539 22.031 12.015 5.507 26.036 8.010 43.057 8.010 10.517 0 20.029-0.501 28.539-2.002 8.514-1.001 16.024-2.503 22.532-4.506 6.512-1.502 12.519-3.504 17.526-6.007 5.006-2.002 9.512-4.005 13.517-6.007l20.029 58.58c-10.513 6.007-25.035 12.015-43.558 17.025-18.527 4.506-40.057 7.009-64.592 7.009z",
          "M3947.065 386.268h73.083v323.948h-73.083v-137.69h-122.69v137.69h-73.098v-323.948h73.098v124.173h122.69v-124.173z",
          "M174.243 282.309c3.168-25.873 13.728-49.634 29.305-68.906l-39.337-40.921-121.179 69.962c-13.993 8.184-26.665 23.233-34.585 39.865h165.797z",
          "M434.294 737.724l-97.684-302.289c-8.184 1.582-16.632 2.374-25.344 2.374-16.632 0-32.473-2.905-47.258-8.45l-95.307 184.278c13.464 12.409 22.177 30.363 22.177 50.161 0 2.643-0.264 5.283-0.528 7.923l220.445 88.178c6.072-8.712 14.256-16.369 23.499-22.175z",
          "M123.030 596.207c5.016 0 9.768 0.531 14.52 1.585l95.307-184.278c-31.417-21.648-53.33-56.232-58.346-96.097h-174.245v129.893l101.379 152.329c6.6-2.109 13.728-3.432 21.385-3.432z",
          "M474.423 726.634c5.806 0 11.617 0.793 17.158 1.851l117.487-244.209c-25.346-18.216-41.715-47.787-41.715-81.579 0-3.432 0.265-7.126 0.527-10.559l-129.893-37.491c-13.464 30.888-37.486 55.707-67.849 69.963l97.681 302.289c2.112 0 4.49-0.265 6.603-0.265z",
          "M725.227 485.065c-5.545 3.959-11.617 7.392-18.22 10.031l26.139 112.997c28.513 2.64 50.953 26.666 50.953 55.706 0 8.977-2.112 17.689-6.072 25.346l75.768 75.768c8.977-14.522 14.787-31.152 14.787-45.936v-90.29l-143.356-143.622z",
          "M396.538 804.511c0-3.959 0.265-7.919 0.793-11.878l-220.181-88.178c-5.28 6.865-11.616 12.937-19.008 17.423l48.577 166.59 100.851 58.080 100.851-100.849c-7.392-11.882-11.882-26.139-11.882-41.188z",
          "M698.831 616.016l-26.139-112.997c-1.585 0-3.432 0-5.018 0-9.239 0-18.478-1.32-26.927-3.694l-117.483 244.205c3.167 2.64 6.337 5.545 8.977 8.45l140.717-77.885c-0.531-3.429-1.058-6.861-1.058-10.559 0-19.801 10.824-37.751 26.931-47.521z",
          "M840.594 254.852l-90.556 90.555c11.355 16.368 18.216 36.17 18.216 57.553 0 21.386-6.599 41.188-18.216 57.556l118.541 118.537v-261.103c0-21.385-11.617-46.465-27.986-63.098z",
          "M515.607 870.518c-11.878 7.392-26.135 11.882-41.184 11.882s-29.305-4.225-41.188-11.882l-94.249 94.254 51.746 29.833c24.026 13.725 63.097 13.725 86.858 0l102.7-59.403-64.683-64.683z",
          "M124.348 731.652c-0.528 0-1.056 0-1.32 0-37.489 0-67.85-30.363-67.85-67.853 0-17.158 6.336-32.734 16.896-44.878l-72.074-108.244v208.039c0 27.72 19.537 61.512 43.561 75.241l119.331 68.904-38.545-131.209z",
          "M753.224 713.963c-7.657 3.694-16.107 6.072-25.346 6.072-14.784 0-27.986-5.545-38.017-14.784l-140.717 77.881c1.847 6.865 2.905 13.991 2.905 21.386 0 15.045-4.225 29.302-11.882 41.184l71.547 71.547 213.053-123.028c1.585-1.058 3.432-2.112 5.018-3.171l-76.561-77.088z",
          "M449.331 299.993c0 7.128-0.527 14.256-1.585 21.121l129.893 37.489c12.671-25.609 35.643-44.881 63.89-52.537l-16.103-178.734-137.023-79.202-90.025 144.676c31.152 25.345 50.953 63.89 50.953 107.187z",
          "M229.156 189.112c22.969-17.16 51.481-27.193 82.37-27.193 20.329 0 39.865 4.488 57.29 12.409l87.122-140.452c-21.914-4.752-47.521-2.112-64.944 8.184l-194.838 112.467 33.001 34.585z",
          "M811.3 234.525l-148.639-85.802 13.729 154.18c17.954 1.584 34.85 7.92 48.841 17.689l86.069-86.066z",
          "M190.35 671.983l220.445 88.182c6.337-8.977 14.256-16.634 23.761-22.179l-86.592-267.966c-64.682 41.711-123.028 91.872-174.245 149.163 10.56 11.882 17.161 27.72 17.161 45.147 0 2.374-0.264 5.014-0.528 7.653z",
          "M474.431 726.638c5.81 0 11.617 0.793 17.161 1.847l117.483-244.205c-25.346-18.22-41.711-47.787-41.711-81.579 0-3.432 0.262-7.13 0.527-10.562l-39.075-11.351c-52.535 18.481-102.961 41.976-150.219 69.696l89.234 276.154c2.112 0.262 4.487 0 6.599 0z",
          "M707.008 495.362l26.139 112.993c28.513 2.643 50.953 26.666 50.953 55.706 0 8.977-2.112 17.689-6.072 25.346l75.768 75.772c8.977-14.522 14.787-31.156 14.787-45.94v-90.29l-143.356-143.356c-5.545 3.432-11.617 6.865-18.22 9.77z",
          "M396.538 804.523c0-3.959 0.265-7.923 0.793-11.882l-220.181-88.178c-5.28 6.865-11.616 12.937-19.008 17.423l48.577 166.59 100.851 58.084 100.851-100.853c-7.392-11.878-11.882-26.135-11.882-41.184z",
          "M532.241 752.507l140.717-77.881c-0.531-3.432-1.058-6.865-1.058-10.562 0-20.328 10.824-38.017 26.931-48.048l-26.139-112.997c-1.585 0-3.432 0-5.018 0-9.239 0-18.478-1.32-26.927-3.694l-117.483 244.205c3.167 2.905 6.072 5.81 8.977 8.977z",
          "M768.254 402.963c0 21.383-6.599 41.184-18.216 57.553l118.541 118.537v-243.677c-19.008-1.32-38.017-1.848-57.291-1.848-16.896 0-33.792 0.528-50.426 1.584l-10.559 10.56c11.090 16.104 17.95 35.904 17.95 57.291z",
          "M474.423 882.404c-15.049 0-29.305-4.225-41.188-11.878l-94.249 94.25 51.746 29.833c24.026 13.729 63.097 13.729 86.858 0l102.7-59.403-64.948-64.944c-11.613 7.919-25.869 12.144-40.918 12.144z",
          "M124.348 731.656c-0.528 0-1.056 0-1.32 0-10.824 0-21.121-2.64-30.097-7.126-15.312 23.761-29.569 48.31-42.505 73.394l112.203 64.944-38.281-131.212z",
          "M728.132 720.035c-14.784 0-27.986-5.545-38.017-14.784l-140.717 77.881c1.851 6.865 2.905 13.991 2.905 21.386 0 15.045-4.225 29.302-11.878 41.184l71.543 71.547 213.056-123.028c1.582-1.058 3.432-2.112 5.014-3.171l-76.827-76.827c-7.653 3.698-16.103 5.81-25.080 5.81z"
        ],
        "attrs": [
          {
            "fill": "rgb(36, 124, 192)"
          },
          {
            "fill": "rgb(36, 124, 192)"
          },
          {
            "fill": "rgb(36, 124, 192)"
          },
          {
            "fill": "rgb(36, 124, 192)"
          },
          {
            "fill": "rgb(36, 124, 192)"
          },
          {
            "fill": "rgb(36, 124, 192)"
          },
          {
            "fill": "rgb(36, 124, 192)"
          },
          {
            "fill": "rgb(36, 124, 192)"
          },
          {
            "fill": "rgb(36, 124, 192)"
          },
          {
            "fill": "rgb(36, 124, 192)"
          },
          {
            "fill": "rgb(38, 34, 98)"
          },
          {
            "fill": "rgb(28, 117, 188)"
          },
          {
            "fill": "rgb(43, 57, 144)"
          },
          {
            "fill": "rgb(28, 117, 188)"
          },
          {
            "fill": "rgb(46, 168, 224)"
          },
          {
            "fill": "rgb(46, 168, 224)"
          },
          {
            "fill": "rgb(46, 168, 224)"
          },
          {
            "fill": "rgb(28, 117, 188)"
          },
          {
            "fill": "rgb(93, 203, 236)"
          },
          {
            "fill": "rgb(28, 117, 188)"
          },
          {
            "fill": "rgb(93, 203, 236)"
          },
          {
            "fill": "rgb(43, 57, 144)"
          },
          {
            "fill": "rgb(38, 34, 98)"
          },
          {
            "fill": "rgb(43, 57, 144)"
          },
          {
            "fill": "rgb(0, 0, 0)"
          },
          {
            "fill": "rgb(0, 0, 0)"
          },
          {
            "fill": "rgb(0, 0, 0)"
          },
          {
            "fill": "rgb(0, 0, 0)"
          },
          {
            "fill": "rgb(0, 0, 0)"
          },
          {
            "fill": "rgb(0, 0, 0)"
          },
          {
            "fill": "rgb(0, 0, 0)"
          },
          {
            "fill": "rgb(0, 0, 0)"
          },
          {
            "fill": "rgb(0, 0, 0)"
          }
        ],
        "width": 4020,
        "isMulticolor": true,
        "isMulticolor2": false,
        "grid": 0,
        "tags": [
          "logo1"
        ],
        "colorPermutations": {
          "11952152301199375312121291243243243124424925212552552551281171881313211361241921383498143571441461682241471282371932032361": [
            {
              "f": 6
            },
            {
              "f": 6
            },
            {
              "f": 6
            },
            {
              "f": 6
            },
            {
              "f": 6
            },
            {
              "f": 6
            },
            {
              "f": 6
            },
            {
              "f": 6
            },
            {
              "f": 6
            },
            {
              "f": 6
            },
            {
              "f": 3
            },
            {
              "f": 5
            },
            {
              "f": 4
            },
            {
              "f": 5
            },
            {
              "f": 8
            },
            {
              "f": 8
            },
            {
              "f": 8
            },
            {
              "f": 5
            },
            {
              "f": 10
            },
            {
              "f": 5
            },
            {
              "f": 10
            },
            {
              "f": 4
            },
            {
              "f": 3
            },
            {
              "f": 4
            },
            {
              "f": 0
            },
            {
              "f": 0
            },
            {
              "f": 0
            },
            {
              "f": 0
            },
            {
              "f": 0
            },
            {
              "f": 0
            },
            {
              "f": 0
            },
            {
              "f": 0
            },
            {
              "f": 0
            }
          ]
        }
      },
      "attrs": [
        {
          "fill": "rgb(36, 124, 192)"
        },
        {
          "fill": "rgb(36, 124, 192)"
        },
        {
          "fill": "rgb(36, 124, 192)"
        },
        {
          "fill": "rgb(36, 124, 192)"
        },
        {
          "fill": "rgb(36, 124, 192)"
        },
        {
          "fill": "rgb(36, 124, 192)"
        },
        {
          "fill": "rgb(36, 124, 192)"
        },
        {
          "fill": "rgb(36, 124, 192)"
        },
        {
          "fill": "rgb(36, 124, 192)"
        },
        {
          "fill": "rgb(36, 124, 192)"
        },
        {
          "fill": "rgb(38, 34, 98)"
        },
        {
          "fill": "rgb(28, 117, 188)"
        },
        {
          "fill": "rgb(43, 57, 144)"
        },
        {
          "fill": "rgb(28, 117, 188)"
        },
        {
          "fill": "rgb(46, 168, 224)"
        },
        {
          "fill": "rgb(46, 168, 224)"
        },
        {
          "fill": "rgb(46, 168, 224)"
        },
        {
          "fill": "rgb(28, 117, 188)"
        },
        {
          "fill": "rgb(93, 203, 236)"
        },
        {
          "fill": "rgb(28, 117, 188)"
        },
        {
          "fill": "rgb(93, 203, 236)"
        },
        {
          "fill": "rgb(43, 57, 144)"
        },
        {
          "fill": "rgb(38, 34, 98)"
        },
        {
          "fill": "rgb(43, 57, 144)"
        },
        {
          "fill": "rgb(0, 0, 0)"
        },
        {
          "fill": "rgb(0, 0, 0)"
        },
        {
          "fill": "rgb(0, 0, 0)"
        },
        {
          "fill": "rgb(0, 0, 0)"
        },
        {
          "fill": "rgb(0, 0, 0)"
        },
        {
          "fill": "rgb(0, 0, 0)"
        },
        {
          "fill": "rgb(0, 0, 0)"
        },
        {
          "fill": "rgb(0, 0, 0)"
        },
        {
          "fill": "rgb(0, 0, 0)"
        }
      ],
      "properties": {
        "order": 43,
        "id": 10,
        "name": "logo1",
        "prevSize": 32
      },
      "setIdx": 0,
      "setId": 2,
      "iconIdx": 12
    },
    {
      "icon": {
        "paths": [
          "M78.926 998.782v22.837h-78.926v-118.205h26.674v95.369h52.252z",
          "M96.103 903.413h26.674v118.205h-26.674v-118.205z",
          "M229.283 1021.618c-7.672-13.52-15.894-26.857-24.664-40.194-8.952-13.154-18.269-25.578-28.318-37.454v77.464h-26.308v-118.022h21.742c3.835 3.837 7.855 8.405 12.423 13.885 4.568 5.482 9.135 11.328 13.885 17.54 4.751 6.211 9.5 12.606 14.068 19.366 4.751 6.577 9.135 12.971 13.155 19.183v-69.973h26.491v118.205h-22.472z",
          "M348.765 1021.618c-2.375-3.837-5.298-8.038-8.405-12.423-3.288-4.385-6.76-8.952-10.595-13.52-3.837-4.568-7.674-8.952-11.875-12.972-4.020-4.202-8.221-7.855-12.241-10.961v50.060h-26.674v-118.388h26.674v44.395c6.76-7.125 13.885-14.798 20.828-22.472 7.125-7.855 13.52-15.163 19.549-21.923h31.606c-8.038 9.5-16.077 18.818-24.298 27.587s-16.808 17.721-25.76 26.674c9.5 7.855 18.635 17.174 27.404 28.135 8.769 10.78 17.174 22.837 25.395 35.809h-31.607z",
          "M395.733 1021.618v-118.205h79.838v22.289h-53.164v23.203h47.318v21.923h-47.318v28.501h57.184v22.289h-83.858z",
          "M602.725 962.434c0 10.231-1.643 19.183-4.749 26.857s-7.674 13.885-13.52 19c-5.846 4.934-12.972 8.771-21.377 11.328-8.403 2.558-17.903 3.837-28.317 3.837-4.751 0-10.414-0.183-16.809-0.548-6.394-0.366-12.606-1.28-18.818-2.558v-115.282c6.212-1.095 12.606-1.828 19.184-2.375 6.577-0.365 12.423-0.548 17.174-0.548 10.048 0 19.366 1.097 27.586 3.471 8.221 2.192 15.348 5.846 21.194 10.78 5.846 4.932 10.414 11.145 13.703 18.818 3.106 7.308 4.749 16.441 4.749 27.221zM525.81 999.888c1.278 0.182 2.74 0.182 4.385 0.182 1.643 0 3.654 0 5.846 0 13.337 0 23.203-3.288 29.597-10.048s9.683-15.895 9.683-27.771c0-12.423-3.106-21.741-9.135-28.135-6.211-6.394-15.894-9.5-29.231-9.5-1.828 0-3.654 0-5.665 0-2.009 0-3.837 0.183-5.48 0.365v74.907z",
          "M708.679 903.413v22.654h-35.626v95.552h-26.674v-95.552h-35.626v-22.654h97.925z",
          "M725.858 1021.618v-118.205h79.838v22.289h-53.164v23.203h47.318v21.923h-47.318v28.501h57.184v22.289h-83.858z",
          "M883.155 1024.002c-19.183 0-33.798-5.298-44.030-16.077-10.048-10.78-15.163-25.943-15.163-45.492 0-9.866 1.462-18.452 4.568-26.126 3.105-7.674 7.308-14.251 12.606-19.366 5.298-5.298 11.692-9.317 19.183-12.058 7.308-2.74 15.346-4.018 24.115-4.018 4.934 0 9.501 0.365 13.703 1.095 4.020 0.731 7.674 1.645 10.78 2.558 3.105 0.914 5.663 2.009 7.672 2.923 2.011 1.095 3.472 1.828 4.385 2.375l-7.672 21.558c-3.654-2.011-7.857-3.654-12.789-4.934-4.751-1.278-10.414-2.009-16.443-2.009-4.020 0-8.038 0.731-12.058 2.009-3.837 1.28-7.308 3.472-10.414 6.578-3.106 3.105-5.482 6.941-7.308 11.692-1.828 4.749-2.74 10.597-2.74 17.357 0 5.48 0.548 10.595 1.826 15.346s3.106 8.769 5.846 12.241c2.742 3.471 6.212 6.028 10.414 8.038 4.385 2.009 9.501 2.923 15.712 2.923 3.837 0 7.308-0.183 10.414-0.731 3.106-0.366 5.846-0.914 8.221-1.645 2.375-0.548 4.568-1.278 6.395-2.192 1.826-0.731 3.471-1.462 4.932-2.192l7.308 21.375c-3.837 2.192-9.134 4.385-15.894 6.212-6.76 1.645-14.617 2.557-23.569 2.557z",
          "M1011.229 903.413h26.674v118.205h-26.674v-50.241h-44.761v50.241h-26.674v-118.205h26.674v45.309h44.761v-45.309z",
          "M338.908 173.49c2.192-17.904 9.5-34.347 20.28-47.684l-27.223-28.318-83.858 48.415c-9.683 5.664-18.452 16.078-23.934 27.587h114.735z",
          "M518.865 488.648l-67.598-209.188c-5.663 1.095-11.509 1.643-17.538 1.643-11.511 0-22.472-2.009-32.703-5.846l-65.955 127.524c9.318 8.586 15.348 21.011 15.348 34.712 0 1.828-0.183 3.654-0.366 5.482l152.553 61.021c4.203-6.029 9.866-11.328 16.26-15.348z",
          "M303.473 390.729c3.471 0 6.76 0.365 10.049 1.095l65.953-127.524c-21.741-14.98-36.904-38.914-40.377-66.501h-120.581v89.887l70.156 105.416c4.568-1.462 9.5-2.374 14.798-2.374z",
          "M546.641 480.979c4.020 0 8.038 0.548 11.875 1.278l81.301-168.996c-17.538-12.606-28.866-33.069-28.866-56.453 0-2.375 0.183-4.934 0.365-7.308l-89.887-25.944c-9.317 21.377-25.943 38.55-46.954 48.415l67.598 209.189c1.462 0 3.106-0.182 4.568-0.182z",
          "M720.204 313.811c-3.837 2.74-8.038 5.115-12.606 6.941l18.088 78.195c19.731 1.828 35.261 18.454 35.261 38.55 0 6.211-1.462 12.24-4.203 17.538l52.435 52.435c6.211-10.049 10.231-21.56 10.231-31.791v-62.483l-99.205-99.387z",
          "M492.739 534.876c0-2.742 0.183-5.482 0.548-8.221l-152.37-61.021c-3.654 4.749-8.038 8.952-13.154 12.058l33.617 115.282 69.79 40.194 69.79-69.792c-5.115-8.221-8.221-18.086-8.221-28.5z",
          "M701.932 404.423l-18.086-78.195c-1.097 0-2.375 0-3.471 0-6.395 0-12.789-0.912-18.637-2.557l-81.299 168.996c2.192 1.826 4.385 3.837 6.211 5.846l97.379-53.897c-0.366-2.375-0.731-4.749-0.731-7.308 0-13.703 7.489-26.126 18.634-32.886z",
          "M800.040 154.492l-62.666 62.665c7.857 11.328 12.606 25.029 12.606 39.827 0 14.8-4.568 28.501-12.606 39.829l82.032 82.032v-180.688c0-14.8-8.038-32.155-19.366-43.666z",
          "M575.139 580.549c-8.221 5.115-18.088 8.221-28.501 8.221s-20.28-2.923-28.501-8.221l-65.223 65.224 35.809 20.644c16.626 9.5 43.664 9.5 60.107 0l71.070-41.107-44.761-44.761z",
          "M304.382 484.448c-0.365 0-0.731 0-0.912 0-25.944 0-46.954-21.011-46.954-46.954 0-11.875 4.385-22.654 11.692-31.058l-49.877-74.906v143.965c0 19.183 13.52 42.569 30.146 52.069l82.579 47.684-26.675-90.801z",
          "M739.568 472.207c-5.298 2.558-11.145 4.203-17.54 4.203-10.231 0-19.366-3.837-26.307-10.232l-97.379 53.897c1.28 4.751 2.011 9.683 2.011 14.798 0 10.414-2.923 20.28-8.221 28.501l49.51 49.51 147.437-85.136c1.097-0.731 2.375-1.462 3.472-2.192l-52.983-53.349z",
          "M529.279 185.737c0 4.934-0.366 9.866-1.097 14.617l89.887 25.943c8.771-17.721 24.664-31.058 44.214-36.357l-11.145-123.687-94.821-54.809-62.3 100.119c21.558 17.539 35.261 44.214 35.261 74.175z",
          "M376.91 109.006c15.894-11.875 35.626-18.818 57.001-18.818 14.068 0 27.587 3.106 39.646 8.587l60.29-97.195c-15.165-3.289-32.886-1.462-44.944 5.664l-134.831 77.829 22.838 23.933z",
          "M779.765 140.437l-102.859-59.377 9.5 106.696c12.425 1.095 24.117 5.48 33.8 12.24l59.56-59.559z",
          "M350.058 443.162l152.553 61.021c4.385-6.212 9.866-11.511 16.443-15.348l-59.926-185.439c-44.761 28.867-85.136 63.58-120.581 103.225 7.309 8.221 11.875 19.183 11.875 31.241 0 1.643-0.182 3.471-0.365 5.298z",
          "M546.644 480.974c4.020 0 8.038 0.548 11.875 1.278l81.301-168.996c-17.538-12.606-28.866-33.067-28.866-56.453 0-2.375 0.183-4.932 0.365-7.308l-27.038-7.855c-36.357 12.788-71.253 29.049-103.956 48.232l61.752 191.102c1.462 0.183 3.106 0 4.568 0z",
          "M707.598 320.934l18.088 78.195c19.731 1.828 35.261 18.452 35.261 38.549 0 6.212-1.462 12.241-4.203 17.54l52.435 52.433c6.211-10.048 10.231-21.558 10.231-31.789v-62.483l-99.205-99.205c-3.837 2.375-8.038 4.751-12.606 6.76z",
          "M492.747 534.868c0-2.74 0.183-5.482 0.549-8.221l-152.371-61.021c-3.654 4.749-8.038 8.952-13.154 12.058l33.617 115.282 69.79 40.194 69.79-69.79c-5.115-8.221-8.221-18.088-8.221-28.501z",
          "M586.659 498.877l97.378-53.895c-0.365-2.375-0.731-4.751-0.731-7.308 0-14.069 7.491-26.309 18.635-33.252l-18.088-78.195c-1.095 0-2.374 0-3.471 0-6.394 0-12.789-0.912-18.635-2.557l-81.301 168.996c2.192 2.009 4.203 4.018 6.212 6.211z",
          "M749.99 256.988c0 14.8-4.568 28.501-12.606 39.829l82.032 82.032v-168.631c-13.155-0.914-26.309-1.278-39.646-1.278-11.692 0-23.386 0.366-34.895 1.097l-7.309 7.308c7.674 11.145 12.425 24.846 12.425 39.644z",
          "M546.647 588.767c-10.414 0-20.28-2.923-28.501-8.221l-65.223 65.224 35.807 20.644c16.626 9.5 43.666 9.5 60.109 0l71.069-41.107-44.943-44.944c-8.040 5.482-17.904 8.405-28.318 8.405z",
          "M304.384 484.444c-0.365 0-0.731 0-0.912 0-7.491 0-14.617-1.826-20.828-4.932-10.597 16.443-20.463 33.434-29.415 50.79l77.647 44.943-26.492-90.801z",
          "M722.215 476.41c-10.231 0-19.366-3.837-26.309-10.232l-97.378 53.897c1.278 4.751 2.009 9.683 2.009 14.798 0 10.414-2.923 20.28-8.221 28.501l49.512 49.51 147.437-85.136c1.095-0.731 2.375-1.462 3.471-2.192l-53.164-53.166c-5.298 2.558-11.145 4.020-17.357 4.020z"
        ],
        "attrs": [
          {
            "fill": "rgb(36, 124, 192)"
          },
          {
            "fill": "rgb(36, 124, 192)"
          },
          {
            "fill": "rgb(36, 124, 192)"
          },
          {
            "fill": "rgb(36, 124, 192)"
          },
          {
            "fill": "rgb(36, 124, 192)"
          },
          {
            "fill": "rgb(36, 124, 192)"
          },
          {
            "fill": "rgb(36, 124, 192)"
          },
          {
            "fill": "rgb(36, 124, 192)"
          },
          {
            "fill": "rgb(36, 124, 192)"
          },
          {
            "fill": "rgb(36, 124, 192)"
          },
          {
            "fill": "rgb(38, 34, 98)"
          },
          {
            "fill": "rgb(28, 117, 188)"
          },
          {
            "fill": "rgb(43, 57, 144)"
          },
          {
            "fill": "rgb(28, 117, 188)"
          },
          {
            "fill": "rgb(46, 168, 224)"
          },
          {
            "fill": "rgb(46, 168, 224)"
          },
          {
            "fill": "rgb(46, 168, 224)"
          },
          {
            "fill": "rgb(28, 117, 188)"
          },
          {
            "fill": "rgb(93, 203, 236)"
          },
          {
            "fill": "rgb(28, 117, 188)"
          },
          {
            "fill": "rgb(93, 203, 236)"
          },
          {
            "fill": "rgb(43, 57, 144)"
          },
          {
            "fill": "rgb(38, 34, 98)"
          },
          {
            "fill": "rgb(43, 57, 144)"
          },
          {
            "fill": "rgb(0, 0, 0)"
          },
          {
            "fill": "rgb(0, 0, 0)"
          },
          {
            "fill": "rgb(0, 0, 0)"
          },
          {
            "fill": "rgb(0, 0, 0)"
          },
          {
            "fill": "rgb(0, 0, 0)"
          },
          {
            "fill": "rgb(0, 0, 0)"
          },
          {
            "fill": "rgb(0, 0, 0)"
          },
          {
            "fill": "rgb(0, 0, 0)"
          },
          {
            "fill": "rgb(0, 0, 0)"
          }
        ],
        "width": 1040,
        "isMulticolor": true,
        "isMulticolor2": false,
        "grid": 0,
        "tags": [
          "logo2"
        ],
        "colorPermutations": {
          "11952152301199375312121291243243243124424925212552552551281171881313211361241921383498143571441461682241471282371932032361": [
            {
              "f": 6
            },
            {
              "f": 6
            },
            {
              "f": 6
            },
            {
              "f": 6
            },
            {
              "f": 6
            },
            {
              "f": 6
            },
            {
              "f": 6
            },
            {
              "f": 6
            },
            {
              "f": 6
            },
            {
              "f": 6
            },
            {
              "f": 3
            },
            {
              "f": 5
            },
            {
              "f": 4
            },
            {
              "f": 5
            },
            {
              "f": 8
            },
            {
              "f": 8
            },
            {
              "f": 8
            },
            {
              "f": 5
            },
            {
              "f": 10
            },
            {
              "f": 5
            },
            {
              "f": 10
            },
            {
              "f": 4
            },
            {
              "f": 3
            },
            {
              "f": 4
            },
            {
              "f": 0
            },
            {
              "f": 0
            },
            {
              "f": 0
            },
            {
              "f": 0
            },
            {
              "f": 0
            },
            {
              "f": 0
            },
            {
              "f": 0
            },
            {
              "f": 0
            },
            {
              "f": 0
            }
          ]
        }
      },
      "attrs": [
        {
          "fill": "rgb(36, 124, 192)"
        },
        {
          "fill": "rgb(36, 124, 192)"
        },
        {
          "fill": "rgb(36, 124, 192)"
        },
        {
          "fill": "rgb(36, 124, 192)"
        },
        {
          "fill": "rgb(36, 124, 192)"
        },
        {
          "fill": "rgb(36, 124, 192)"
        },
        {
          "fill": "rgb(36, 124, 192)"
        },
        {
          "fill": "rgb(36, 124, 192)"
        },
        {
          "fill": "rgb(36, 124, 192)"
        },
        {
          "fill": "rgb(36, 124, 192)"
        },
        {
          "fill": "rgb(38, 34, 98)"
        },
        {
          "fill": "rgb(28, 117, 188)"
        },
        {
          "fill": "rgb(43, 57, 144)"
        },
        {
          "fill": "rgb(28, 117, 188)"
        },
        {
          "fill": "rgb(46, 168, 224)"
        },
        {
          "fill": "rgb(46, 168, 224)"
        },
        {
          "fill": "rgb(46, 168, 224)"
        },
        {
          "fill": "rgb(28, 117, 188)"
        },
        {
          "fill": "rgb(93, 203, 236)"
        },
        {
          "fill": "rgb(28, 117, 188)"
        },
        {
          "fill": "rgb(93, 203, 236)"
        },
        {
          "fill": "rgb(43, 57, 144)"
        },
        {
          "fill": "rgb(38, 34, 98)"
        },
        {
          "fill": "rgb(43, 57, 144)"
        },
        {
          "fill": "rgb(0, 0, 0)"
        },
        {
          "fill": "rgb(0, 0, 0)"
        },
        {
          "fill": "rgb(0, 0, 0)"
        },
        {
          "fill": "rgb(0, 0, 0)"
        },
        {
          "fill": "rgb(0, 0, 0)"
        },
        {
          "fill": "rgb(0, 0, 0)"
        },
        {
          "fill": "rgb(0, 0, 0)"
        },
        {
          "fill": "rgb(0, 0, 0)"
        },
        {
          "fill": "rgb(0, 0, 0)"
        }
      ],
      "properties": {
        "order": 24,
        "id": 9,
        "name": "logo2",
        "prevSize": 32
      },
      "setIdx": 0,
      "setId": 2,
      "iconIdx": 13
    },
    {
      "icon": {
        "paths": [
          "M479.189 955.733c226.948 0 410.92-198.663 410.92-443.733 0-245.067-183.972-443.733-410.92-443.733-226.946 0-410.922 198.666-410.922 443.733 0 245.071 183.976 443.733 410.922 443.733z",
          "M68.267 512h821.842",
          "M479.188 68.267c102.783 121.51 161.195 279.198 164.369 443.733-3.174 164.535-61.586 322.225-164.369 443.733-102.783-121.508-161.195-279.198-164.369-443.733 3.174-164.535 61.586-322.223 164.369-443.733v0z"
        ],
        "attrs": [
          {
            "fill": "none",
            "stroke": "rgb(255, 255, 255)",
            "strokeLinejoin": "round",
            "strokeLinecap": "round",
            "strokeMiterlimit": "4",
            "strokeWidth": 68.26666666666667
          },
          {
            "fill": "none",
            "stroke": "rgb(255, 255, 255)",
            "strokeLinejoin": "round",
            "strokeLinecap": "round",
            "strokeMiterlimit": "4",
            "strokeWidth": 68.26666666666667
          },
          {
            "fill": "none",
            "stroke": "rgb(255, 255, 255)",
            "strokeLinejoin": "round",
            "strokeLinecap": "round",
            "strokeMiterlimit": "4",
            "strokeWidth": 68.26666666666667
          }
        ],
        "width": 956,
        "isMulticolor": false,
        "isMulticolor2": false,
        "grid": 0,
        "tags": [
          "planet"
        ],
        "colorPermutations": {
          "11952152301199375312121291243243243124424925212552552551281171881313211361241921383498143571441461682241471282371932032361": [
            {
              "s": 14
            },
            {
              "s": 14
            },
            {
              "s": 14
            }
          ]
        }
      },
      "attrs": [
        {
          "fill": "none",
          "stroke": "rgb(255, 255, 255)",
          "strokeLinejoin": "round",
          "strokeLinecap": "round",
          "strokeMiterlimit": "4",
          "strokeWidth": 68.26666666666667
        },
        {
          "fill": "none",
          "stroke": "rgb(255, 255, 255)",
          "strokeLinejoin": "round",
          "strokeLinecap": "round",
          "strokeMiterlimit": "4",
          "strokeWidth": 68.26666666666667
        },
        {
          "fill": "none",
          "stroke": "rgb(255, 255, 255)",
          "strokeLinejoin": "round",
          "strokeLinecap": "round",
          "strokeMiterlimit": "4",
          "strokeWidth": 68.26666666666667
        }
      ],
      "properties": {
        "order": 23,
        "id": 8,
        "name": "planet",
        "prevSize": 32
      },
      "setIdx": 0,
      "setId": 2,
      "iconIdx": 14
    },
    {
      "icon": {
        "paths": [
          "M460.8 870.4c226.217 0 409.6-183.383 409.6-409.6 0-226.216-183.383-409.6-409.6-409.6-226.216 0-409.6 183.384-409.6 409.6 0 226.217 183.384 409.6 409.6 409.6z",
          "M972.8 972.795l-222.72-222.72",
          "M460.8 307.2v307.2",
          "M307.2 460.8h307.2"
        ],
        "attrs": [
          {
            "fill": "none",
            "strokeLinejoin": "round",
            "strokeLinecap": "round",
            "strokeMiterlimit": "4",
            "strokeWidth": 102.4
          },
          {
            "fill": "none",
            "strokeLinejoin": "round",
            "strokeLinecap": "round",
            "strokeMiterlimit": "4",
            "strokeWidth": 102.4
          },
          {
            "fill": "none",
            "strokeLinejoin": "round",
            "strokeLinecap": "round",
            "strokeMiterlimit": "4",
            "strokeWidth": 102.4
          },
          {
            "fill": "none",
            "strokeLinejoin": "round",
            "strokeLinecap": "round",
            "strokeMiterlimit": "4",
            "strokeWidth": 102.4
          }
        ],
        "isMulticolor": false,
        "isMulticolor2": false,
        "grid": 0,
        "tags": [
          "plus"
        ],
        "colorPermutations": {
          "11952152301199375312121291243243243124424925212552552551281171881313211361241921383498143571441461682241471282371932032361": [
            {
              "s": 0
            },
            {
              "s": 0
            },
            {
              "s": 0
            },
            {
              "s": 0
            }
          ]
        }
      },
      "attrs": [
        {
          "fill": "none",
          "strokeLinejoin": "round",
          "strokeLinecap": "round",
          "strokeMiterlimit": "4",
          "strokeWidth": 102.4
        },
        {
          "fill": "none",
          "strokeLinejoin": "round",
          "strokeLinecap": "round",
          "strokeMiterlimit": "4",
          "strokeWidth": 102.4
        },
        {
          "fill": "none",
          "strokeLinejoin": "round",
          "strokeLinecap": "round",
          "strokeMiterlimit": "4",
          "strokeWidth": 102.4
        },
        {
          "fill": "none",
          "strokeLinejoin": "round",
          "strokeLinecap": "round",
          "strokeMiterlimit": "4",
          "strokeWidth": 102.4
        }
      ],
      "properties": {
        "order": 25,
        "id": 7,
        "name": "plus",
        "prevSize": 32
      },
      "setIdx": 0,
      "setId": 2,
      "iconIdx": 15
    },
    {
      "icon": {
        "paths": [
          "M1024 512c0 282.77-229.23 512-512 512s-512-229.23-512-512c0-282.77 229.23-512 512-512s512 229.23 512 512z",
          "M744.727 372.365l-319.999 325.816-145.455-148.097"
        ],
        "attrs": [
          {
            "fill": "rgb(36, 124, 192)"
          },
          {
            "fill": "none",
            "stroke": "rgb(255, 255, 255)",
            "strokeLinejoin": "round",
            "strokeLinecap": "round",
            "strokeMiterlimit": "4",
            "strokeWidth": 56.888888888888886
          }
        ],
        "isMulticolor": false,
        "isMulticolor2": true,
        "grid": 0,
        "tags": [
          "point"
        ],
        "colorPermutations": {
          "11952152301199375312121291243243243124424925212552552551281171881313211361241921383498143571441461682241471282371932032361": [
            {
              "f": 6
            },
            {
              "s": 14
            }
          ]
        }
      },
      "attrs": [
        {
          "fill": "rgb(36, 124, 192)"
        },
        {
          "fill": "none",
          "stroke": "rgb(255, 255, 255)",
          "strokeLinejoin": "round",
          "strokeLinecap": "round",
          "strokeMiterlimit": "4",
          "strokeWidth": 56.888888888888886
        }
      ],
      "properties": {
        "order": 26,
        "id": 6,
        "name": "point",
        "prevSize": 32
      },
      "setIdx": 0,
      "setId": 2,
      "iconIdx": 16
    },
    {
      "icon": {
        "paths": [
          "M1024 512c0 282.77-229.23 512-512 512s-512-229.23-512-512c0-282.77 229.23-512 512-512s512 229.23 512 512z",
          "M510.683 526.986c-140.651 0-218.112 66.54-218.112 187.36 0 9.435 7.648 17.086 17.083 17.086h402.055c9.438 0 17.086-7.651 17.086-17.086 0-120.814-77.461-187.36-218.112-187.36zM327.361 697.262c6.72-90.337 68.31-136.107 183.322-136.107s176.602 45.77 183.328 136.107h-366.651z",
          "M510.683 263.314c-64.609 0-113.328 49.699-113.328 115.601 0 67.83 50.84 123.006 113.328 123.006 62.49 0 113.328-55.176 113.328-123.003 0-65.905-48.719-115.604-113.328-115.604zM510.683 467.757c-43.652 0-79.158-39.851-79.158-88.839 0-47.186 33.292-81.434 79.158-81.434 45.132 0 79.158 35.006 79.158 81.434 0 48.988-35.506 88.839-79.158 88.839z"
        ],
        "attrs": [
          {
            "fill": "rgb(244, 249, 252)"
          },
          {
            "fill": "rgb(3, 13, 21)"
          },
          {
            "fill": "rgb(3, 13, 21)"
          }
        ],
        "isMulticolor": true,
        "isMulticolor2": false,
        "grid": 0,
        "tags": [
          "profile"
        ],
        "colorPermutations": {
          "11952152301199375312121291243243243124424925212552552551281171881313211361241921383498143571441461682241471282371932032361": [
            {
              "f": 13
            },
            {
              "f": 1
            },
            {
              "f": 1
            }
          ]
        }
      },
      "attrs": [
        {
          "fill": "rgb(244, 249, 252)"
        },
        {
          "fill": "rgb(3, 13, 21)"
        },
        {
          "fill": "rgb(3, 13, 21)"
        }
      ],
      "properties": {
        "order": 28,
        "id": 5,
        "name": "profile",
        "prevSize": 32
      },
      "setIdx": 0,
      "setId": 2,
      "iconIdx": 17
    },
    {
      "icon": {
        "paths": [
          "M461.432 865.974c223.425 0 404.542-181.117 404.542-404.542 0-223.423-181.117-404.543-404.542-404.543-223.423 0-404.543 181.12-404.543 404.543 0 223.425 181.12 404.542 404.543 404.542z",
          "M967.111 967.111l-219.972-219.972"
        ],
        "attrs": [
          {
            "fill": "none",
            "strokeLinejoin": "round",
            "strokeLinecap": "round",
            "strokeMiterlimit": "4",
            "strokeWidth": 91.02222222222223
          },
          {
            "fill": "none",
            "strokeLinejoin": "round",
            "strokeLinecap": "round",
            "strokeMiterlimit": "4",
            "strokeWidth": 91.02222222222223
          }
        ],
        "isMulticolor": false,
        "isMulticolor2": false,
        "grid": 0,
        "tags": [
          "search"
        ],
        "colorPermutations": {
          "11952152301199375312121291243243243124424925212552552551281171881313211361241921383498143571441461682241471282371932032361": [
            {
              "s": 0
            },
            {
              "s": 0
            }
          ]
        }
      },
      "attrs": [
        {
          "fill": "none",
          "strokeLinejoin": "round",
          "strokeLinecap": "round",
          "strokeMiterlimit": "4",
          "strokeWidth": 91.02222222222223
        },
        {
          "fill": "none",
          "strokeLinejoin": "round",
          "strokeLinecap": "round",
          "strokeMiterlimit": "4",
          "strokeWidth": 91.02222222222223
        }
      ],
      "properties": {
        "order": 31,
        "id": 4,
        "name": "search",
        "prevSize": 32
      },
      "setIdx": 0,
      "setId": 2,
      "iconIdx": 18
    },
    {
      "icon": {
        "paths": [
          "M528.254 0l163.23 330.687 365.028 53.354-264.131 257.26 62.334 363.44-326.461-171.684-326.461 171.684 62.334-363.44-264.127-257.26 365.024-53.354 163.231-330.687z",
          "M1650.79 0l163.234 330.687 365.022 53.354-264.124 257.26 62.327 363.44-326.46-171.684-326.46 171.684 62.336-363.44-264.124-257.26 365.022-53.354 163.226-330.687z",
          "M2773.333 0l163.234 330.687 365.022 53.354-264.132 257.26 62.336 363.44-326.46-171.684-326.46 171.684 62.336-363.44-264.132-257.26 365.022-53.354 163.234-330.687z",
          "M3895.876 0l163.226 330.687 365.022 53.354-264.124 257.26 62.336 363.44-326.46-171.684-326.46 171.684 62.327-363.44-264.124-257.26 365.022-53.354 163.234-330.687z",
          "M5018.411 0l163.234 330.687 365.022 53.354-264.124 257.26 62.327 363.44-326.46-171.684-326.46 171.684 62.336-363.44-264.132-257.26 365.030-53.354 163.226-330.687z"
        ],
        "attrs": [
          {
            "fill": "rgb(199, 37, 53)"
          },
          {
            "fill": "rgb(199, 37, 53)"
          },
          {
            "fill": "rgb(199, 37, 53)"
          },
          {
            "fill": "rgb(199, 37, 53)"
          },
          {
            "fill": "rgb(244, 249, 252)"
          }
        ],
        "width": 5547,
        "isMulticolor": true,
        "isMulticolor2": false,
        "grid": 0,
        "tags": [
          "star4"
        ],
        "colorPermutations": {
          "11952152301199375312121291243243243124424925212552552551281171881313211361241921383498143571441461682241471282371932032361": [
            {
              "f": 7
            },
            {
              "f": 7
            },
            {
              "f": 7
            },
            {
              "f": 7
            },
            {
              "f": 13
            }
          ]
        }
      },
      "attrs": [
        {
          "fill": "rgb(199, 37, 53)"
        },
        {
          "fill": "rgb(199, 37, 53)"
        },
        {
          "fill": "rgb(199, 37, 53)"
        },
        {
          "fill": "rgb(199, 37, 53)"
        },
        {
          "fill": "rgb(244, 249, 252)"
        }
      ],
      "properties": {
        "order": 32,
        "id": 3,
        "name": "star4",
        "prevSize": 32
      },
      "setIdx": 0,
      "setId": 2,
      "iconIdx": 19
    },
    {
      "icon": {
        "paths": [
          "M528.254 0l163.23 330.687 365.028 53.354-264.131 257.26 62.334 363.44-326.461-171.684-326.461 171.684 62.334-363.44-264.127-257.26 365.024-53.354 163.231-330.687z",
          "M1650.799 0l163.226 330.687 365.022 53.354-264.124 257.26 62.336 363.44-326.46-171.684-326.468 171.684 62.336-363.44-264.124-257.26 365.022-53.354 163.234-330.687z",
          "M2773.333 0l163.226 330.687 365.030 53.354-264.132 257.26 62.336 363.44-326.46-171.684-326.46 171.684 62.327-363.44-264.124-257.26 365.022-53.354 163.234-330.687z",
          "M3895.876 0l163.226 330.687 365.022 53.354-264.124 257.26 62.336 363.44-326.46-171.684-326.46 171.684 62.327-363.44-264.124-257.26 365.022-53.354 163.234-330.687z",
          "M5018.411 0l163.234 330.687 365.022 53.354-264.124 257.26 62.327 363.44-326.46-171.684-326.46 171.684 62.336-363.44-264.132-257.26 365.030-53.354 163.226-330.687z"
        ],
        "attrs": [
          {
            "fill": "rgb(199, 37, 53)"
          },
          {
            "fill": "rgb(199, 37, 53)"
          },
          {
            "fill": "rgb(199, 37, 53)"
          },
          {
            "fill": "rgb(199, 37, 53)"
          },
          {
            "fill": "rgb(199, 37, 53)"
          }
        ],
        "width": 5547,
        "isMulticolor": false,
        "isMulticolor2": false,
        "grid": 0,
        "tags": [
          "star5"
        ],
        "colorPermutations": {
          "11952152301199375312121291243243243124424925212552552551281171881313211361241921383498143571441461682241471282371932032361": [
            {
              "f": 7
            },
            {
              "f": 7
            },
            {
              "f": 7
            },
            {
              "f": 7
            },
            {
              "f": 7
            }
          ]
        }
      },
      "attrs": [
        {
          "fill": "rgb(199, 37, 53)"
        },
        {
          "fill": "rgb(199, 37, 53)"
        },
        {
          "fill": "rgb(199, 37, 53)"
        },
        {
          "fill": "rgb(199, 37, 53)"
        },
        {
          "fill": "rgb(199, 37, 53)"
        }
      ],
      "properties": {
        "order": 35,
        "id": 2,
        "name": "star5",
        "prevSize": 32
      },
      "setIdx": 0,
      "setId": 2,
      "iconIdx": 20
    },
    {
      "icon": {
        "paths": [
          "M1183.075 60.742c-48.218 34.012-101.611 60.027-158.112 77.041-30.328-34.87-70.632-59.584-115.459-70.801-44.833-11.217-92.021-8.395-135.198 8.083-43.171 16.479-80.245 45.819-106.201 84.054s-39.538 83.517-38.924 129.725v50.354c-88.487 2.295-176.171-17.331-255.24-57.129s-147.067-98.532-197.94-170.973c0 0-201.415 453.183 251.768 654.598-103.702 70.391-227.238 105.689-352.475 100.707 453.183 251.765 1007.074 0 1007.074-579.067-0.048-14.026-1.397-28.017-4.030-41.794 51.393-50.681 87.654-114.67 104.737-184.798v0z"
        ],
        "attrs": [
          {
            "fill": "none",
            "stroke": "rgb(255, 255, 255)",
            "strokeLinejoin": "round",
            "strokeLinecap": "round",
            "strokeMiterlimit": "4",
            "strokeWidth": 60.23529411764706
          }
        ],
        "width": 1265,
        "isMulticolor": false,
        "isMulticolor2": false,
        "grid": 0,
        "tags": [
          "twitter"
        ],
        "colorPermutations": {
          "11952152301199375312121291243243243124424925212552552551281171881313211361241921383498143571441461682241471282371932032361": [
            {
              "s": 14
            }
          ]
        }
      },
      "attrs": [
        {
          "fill": "none",
          "stroke": "rgb(255, 255, 255)",
          "strokeLinejoin": "round",
          "strokeLinecap": "round",
          "strokeMiterlimit": "4",
          "strokeWidth": 60.23529411764706
        }
      ],
      "properties": {
        "order": 38,
        "id": 1,
        "name": "twitter",
        "prevSize": 32
      },
      "setIdx": 0,
      "setId": 2,
      "iconIdx": 21
    },
    {
      "icon": {
        "paths": [
          "M1246.829 203.428c-6.636-26.507-20.152-50.793-39.171-70.406-19.026-19.614-42.892-33.859-69.181-41.297-96.065-23.458-480.326-23.458-480.326-23.458s-384.259 0-480.324 25.691c-26.292 7.439-50.156 21.684-69.181 41.297s-32.537 43.9-39.171 70.406c-17.581 97.492-26.181 196.392-25.692 295.455-0.627 99.809 7.974 199.463 25.692 297.692 7.314 25.682 21.129 49.043 40.109 67.83 18.981 18.78 42.485 32.358 68.243 39.404 96.065 25.689 480.324 25.689 480.324 25.689s384.261 0 480.326-25.689c26.289-7.441 50.156-21.681 69.181-41.295 19.019-19.613 32.536-43.902 39.171-70.41 17.442-96.754 26.044-194.903 25.689-293.22 0.628-99.809-7.974-199.463-25.689-297.689v0z",
          "M532.483 683.738l321.143-182.637-321.143-182.634v365.272z"
        ],
        "attrs": [
          {
            "fill": "none",
            "stroke": "rgb(255, 255, 255)",
            "strokeLinejoin": "round",
            "strokeLinecap": "round",
            "strokeMiterlimit": "4",
            "strokeWidth": 68.26666666666667
          },
          {
            "fill": "none",
            "stroke": "rgb(255, 255, 255)",
            "strokeLinejoin": "round",
            "strokeLinecap": "round",
            "strokeMiterlimit": "4",
            "strokeWidth": 68.26666666666667
          }
        ],
        "width": 1365,
        "isMulticolor": false,
        "isMulticolor2": false,
        "grid": 0,
        "tags": [
          "youtube"
        ],
        "colorPermutations": {
          "11952152301199375312121291243243243124424925212552552551281171881313211361241921383498143571441461682241471282371932032361": [
            {
              "s": 14
            },
            {
              "s": 14
            }
          ]
        }
      },
      "attrs": [
        {
          "fill": "none",
          "stroke": "rgb(255, 255, 255)",
          "strokeLinejoin": "round",
          "strokeLinecap": "round",
          "strokeMiterlimit": "4",
          "strokeWidth": 68.26666666666667
        },
        {
          "fill": "none",
          "stroke": "rgb(255, 255, 255)",
          "strokeLinejoin": "round",
          "strokeLinecap": "round",
          "strokeMiterlimit": "4",
          "strokeWidth": 68.26666666666667
        }
      ],
      "properties": {
        "order": 40,
        "id": 0,
        "name": "youtube",
        "prevSize": 32
      },
      "setIdx": 0,
      "setId": 2,
      "iconIdx": 22
    }
  ],
  "height": 1024,
  "preferences": {
    "showGlyphs": true,
    "showQuickUse": true,
    "showQuickUse2": true,
    "showSVGs": true,
    "fontPref": {
      "prefix": "icon-",
      "metadata": {
        "fontFamily": "icomoon"
      },
      "metrics": {
        "emSize": 1024,
        "baseline": 6.25,
        "whitespace": 50
      },
      "embed": false
    },
    "imagePref": {
      "prefix": "icon-",
      "png": false,
      "useClassSelector": true,
      "color": 0,
      "bgColor": 16777215,
      "classSelector": ".icon",
      "name": "sprite",
      "height": 32,
      "columns": 16,
      "margin": 16,
      "sprite": true
    },
    "historySize": 50,
    "showCodes": true,
    "gridSize": 16
  }
}